frag_group,first_scan,med_fragmz,med_premz,med_int,rt,compound_name
1,145548,44.0494441986084,62.060028,100,15.4022814166665,Ethanolamine
3,145548,45.03343200683594,62.060028,8.168545810473244,15.4022814166665,Ethanolamine
2,145548,62.05999565124512,62.060028,33.267706396478985,15.4022814166665,Ethanolamine
3,105197,58.065114974975586,76.03926050000001,45.12944486062317,11.043431550000001,Glycine
1,104423,76.03921127319336,76.039238,55.297402934232075,10.986079316667,Glycine
2,104423,76.07560348510742,76.039238,75.5467007050018,10.986079316667,Glycine
2,65893,58.065073013305664,76.07561100000001,67.2824285134612,6.8806604083335,Trimethylamine N-oxide
3,65893,59.07290077209473,76.07561100000001,56.31514531149659,6.8806604083335,Trimethylamine N-oxide
1,65893,76.07561874389648,76.07561100000001,100,6.8806604083335,Trimethylamine N-oxide
2,65583,66.11524963378906,85.132019,55.38266566534966,6.9859461333335,"Trimethylamine N-oxide, 2H9"
3,65583,68.12934112548828,85.132019,56.4687348248799,6.9859461333335,"Trimethylamine N-oxide, 2H9"
1,65583,85.13206481933594,85.132019,100,6.9859461333335,"Trimethylamine N-oxide, 2H9"
1,108995,44.04945373535156,90.054832,100,11.273394516667,beta-Alanine
2,108995,90.05493927001953,90.054817,14.455195900783302,11.29282215,beta-Alanine
1,95397,44.04943656921387,90.054848,100,9.895759349999999,L-Alanine
2,95397,90.05484771728516,90.054871,8.476393172165537,9.895759349999999,L-Alanine
1,97580,47.068260192871094,93.073685,100,10.254141516667001,"L-Alanine, 2H3"
2,97580,93.04473876953125,93.07370399999999,2.799356463403723,10.269782516667,"L-Alanine, 2H3"
6,112649,41.03853797912598,104.07042,10.660275316884487,11.6273904833335,4-Aminobutyric acid
5,112649,43.01778984069824,104.07043,44.91266546528624,11.620305275,4-Aminobutyric acid
2,112649,45.0334415435791,104.07043,68.16295515894869,11.620305275,4-Aminobutyric acid
9,112934,58.06509971618652,104.07048,3.510840600735505,11.61068465,4-Aminobutyric acid
8,113498,68.049530029296875,104.070415,3.772460600802542,11.6303047,4-Aminobutyric acid
3,112649,69.0334358215332,104.07043,48.07484288955335,11.620305275,4-Aminobutyric acid
4,112649,86.05992126464844,104.07043,28.86588216008794,11.620305275,4-Aminobutyric acid
1,112649,87.043975830078125,104.07043,100,11.620305275,4-Aminobutyric acid
7,112649,104.07047271728516,104.070445,6.312398624606158,11.61739295,4-Aminobutyric acid
4,73435,42.03369140625,104.07042,3.7776913009149675,7.621621341666501,Dimethylglycine
6,73121,43.04160690307617,104.070365,1.6614725497508598,7.636644116666499,Dimethylglycine
1,73121,58.0650520324707,104.0704,100,7.6320996916665,Dimethylglycine
5,73121,79.05409622192383,104.070365,1.950859034304996,7.636644116666499,Dimethylglycine
3,73121,104.07052612304688,104.0704,13.306800077754808,7.6320996916665,Dimethylglycine
2,73121,105.06976699829102,104.0704,10.157879466073075,7.6320996916665,Dimethylglycine
3,167078,45.03342628479004,104.10674,4.157763282805385,17.983995041667,Choline
4,167966,58.06512260437012,104.1067,1.2056624020111533,17.983995041667,Choline
2,167078,60.08070182800293,104.10674,14.706422823002622,17.983995041667,Choline
1,167078,104.10688018798828,104.10674,100,17.983995041667,Choline
2,92480,42.03379440307617,106.04974,34.67679788995645,9.623418916667,L-Serine
7,93044,44.0494499206543,106.04979,4.4467947597330975,9.613463108333502,L-Serine
1,92480,60.04434585571289,106.04974,100,9.623418916667,L-Serine
5,93044,70.02864074707031,106.049755,8.17446178297444,9.6321617333335,L-Serine
8,93818,70.06505966186523,106.049735,5.111114147114608,9.651461625,L-Serine
3,92480,88.03938293457031,106.04974,8.35962646912241,9.623418916667,L-Serine
4,92480,88.07563400268555,106.04974,5.805359410550617,9.623418916667,L-Serine
9,92480,106.04983139038086,106.04974,3.192151994238361,9.60935975,L-Serine
6,92480,106.08620071411133,106.04974,5.673835371347797,9.629742425,L-Serine
3,68302,69.04466247558594,112.05035,5.159947062631783,7.1236059166665004,Cytosine
4,68302,94.039947509765625,112.05035,3.387980711091424,7.1236059166665004,Cytosine
2,68302,95.023956298828125,112.05035,12.2720723220647,7.1236059166665004,Cytosine
6,68302,95.08566665649414,112.05031,0.8625508184656987,7.131466175,Cytosine
1,68302,112.05049133300781,112.05035,100,7.1236059166665004,Cytosine
5,68302,112.11225128173828,112.050325,0.955470538314591,7.125540708333,Cytosine
6,49355,43.02902603149414,114.06601,1.5511676624130044,5.164853375,Creatinine
1,49355,44.04942321777344,114.06599,100,5.165342316667,Creatinine
4,49542,47.379520416259766,114.06596,1.297541919646919,5.180468925,Creatinine
7,49355,72.04424667358398,114.06601,0.5755002782187326,5.164853375,Creatinine
3,49355,86.0711898803711,114.06599,17.45766083407288,5.165342316667,Creatinine
2,49355,114.06607818603516,114.06599,66.29120822819681,5.165342316667,Creatinine
5,49355,115.06940460205078,114.06601,1.2683178731653975,5.164853375,Creatinine
1,86320,70.06505966186523,116.07044,100,9.0000845333335,L-Proline
3,86320,71.068359375,116.07048,1.42514673266963,8.9854474666665,L-Proline
2,86320,116.07050323486328,116.07044,13.959005603371217,9.0000845333335,L-Proline
4,68444,72.04214096069336,117.04819,4.391122609010559,7.1450858,"Cytosine, 13C2, 15N3"
3,68315,99.0246467590332,117.04818,11.683505594143668,7.1421586583335,"Cytosine, 13C2, 15N3"
5,68444,99.03763198852539,117.04819,2.3025498065295773,7.1450858,"Cytosine, 13C2, 15N3"
1,68315,117.04827117919922,117.04818,100,7.1421586583335,"Cytosine, 13C2, 15N3"
2,68315,118.08610534667969,117.048165,10.643998996991538,7.1421586583335,"Cytosine, 13C2, 15N3"
5,23161,44.049415588378906,118.03202,19.773441873169585,2.3919836,Homocysteine thiolactone
4,23161,46.99496078491211,118.03202,33.96875307261497,2.3919836,Homocysteine thiolactone
1,23161,56.04945755004883,118.03202,99.3138961627924,2.3919836,Homocysteine thiolactone
8,23161,58.06508255004883,118.03202,10.89504493097136,2.3919836,Homocysteine thiolactone
6,23161,59.07295227050781,118.03202,18.93677503235969,2.3919836,Homocysteine thiolactone
10,23161,73.0106201171875,118.03201,7.560386103601976,2.3910757,Homocysteine thiolactone
9,23310,77.03857803344727,118.03203,8.110795867563404,2.3934304083335,Homocysteine thiolactone
3,23161,90.037139892578125,118.03202,47.920643922459185,2.3919836,Homocysteine thiolactone
7,23161,100.0214729309082,118.03203,5.792759066566006,2.3929764583335,Homocysteine thiolactone
2,23161,118.0862045288086,118.03202,100,2.3919836,Homocysteine thiolactone
3,72494,58.0650634765625,118.086,12.270784550576524,7.562696525,Glycine betaine
2,72494,59.07287788391113,118.086,23.10147384419299,7.562696525,Glycine betaine
5,72494,77.03845596313477,118.085945,0.6299271870084207,7.568210558333501,Glycine betaine
7,72494,118.06510162353516,118.085945,0.379780430371607,7.568210558333501,Glycine betaine
1,72494,118.08623123168945,118.086,100,7.562696525,Glycine betaine
4,72494,119.0895767211914,118.086,2.180397328429456,7.562696525,Glycine betaine
6,72645,127.0134506225586,118.086015,0.6599885268485662,7.5519219583335,Glycine betaine
4,68677,55.05423355102539,118.08608,8.150345710110628,7.121469749999999,L-Valine
5,68154,58.06508445739746,118.086085,9.527646870687903,7.1166697083335,L-Valine
2,68154,59.072914123535156,118.08608,21.201388385856262,7.118431725,L-Valine
3,68154,72.08071517944336,118.08608,16.993080948975425,7.118431725,L-Valine
6,68154,77.03850173950195,118.08607,6.510887249075314,7.118431725,L-Valine
1,68154,118.08622360229492,118.08608,100,7.118431725,L-Valine
3,83809,41.03853988647461,120.06538,13.536010931408587,10.752777033333,L-Homoserine
2,83809,56.049476623535156,120.06538,23.658716838474945,10.752777033333,L-Homoserine
4,83809,57.03348922729492,120.065375,3.333287269555583,10.8100638166665,L-Homoserine
1,83809,84.044342041015625,120.06538,100,10.7860743166665,L-Homoserine
3,83809,41.03853988647461,120.06538,13.536010931408587,10.752777033333,L-Threonine
2,83809,56.049476623535156,120.06538,23.658716838474945,10.752777033333,L-Threonine
4,83809,57.03348922729492,120.065375,3.333287269555583,10.8100638166665,L-Threonine
1,83809,84.044342041015625,120.06538,100,10.7860743166665,L-Threonine
3,83809,41.03853988647461,120.06538,13.536010931408587,10.752777033333,gamma-Amino-beta-hydroxybutyric acid
2,83809,56.049476623535156,120.06538,23.658716838474945,10.752777033333,gamma-Amino-beta-hydroxybutyric acid
4,83809,57.03348922729492,120.065375,3.333287269555583,10.8100638166665,gamma-Amino-beta-hydroxybutyric acid
1,83809,84.044342041015625,120.06538,100,10.7860743166665,gamma-Amino-beta-hydroxybutyric acid
8,83602,45.987117767333984,121.03157,4.332067016179929,8.7052557583335,Dimethylsulfonioacetate
5,83602,46.99494171142578,121.03156,9.210406286621316,8.696288200000001,Dimethylsulfonioacetate
7,83602,59.01270866394043,121.03156,2.7444310814884663,8.696288200000001,Dimethylsulfonioacetate
3,83602,61.01059341430664,121.03156,63.61878538798041,8.696288200000001,Dimethylsulfonioacetate
2,83602,62.018394470214844,121.03156,73.73108711145446,8.696288200000001,Dimethylsulfonioacetate
4,83602,63.02618980407715,121.03156,11.252314781007296,8.696288200000001,Dimethylsulfonioacetate
6,83602,75.02620315551758,121.03156,4.2214936044969695,8.696288200000001,Dimethylsulfonioacetate
9,83843,103.02113342285156,121.031525,1.783951309740333,8.678938516666499,Dimethylsulfonioacetate
10,83843,106.0083999633789,121.031525,1.301270031550865,8.678938516666499,Dimethylsulfonioacetate
1,83602,121.03170776367188,121.03156,100,8.696288200000001,Dimethylsulfonioacetate
17,26691,41.038705825805664,122.026945,0.14441698554470858,2.770175875,L-Cysteine
16,26946,44.01309394836426,122.027,0.24585624944785578,2.775415925,L-Cysteine
13,26691,54.03377914428711,122.026945,0.31817776187709035,2.770175875,L-Cysteine
14,27078,56.049448013305664,122.026925,0.3244243574771415,2.7889867666665,L-Cysteine
15,26946,58.06498146057129,122.027,0.12120346578887992,2.775415925,L-Cysteine
6,26691,60.04439735412598,122.02695,2.3426387913215123,2.7799031000000003,L-Cysteine
3,26691,78.03380584716797,122.02695,4.9813974063951045,2.7799031000000003,L-Cysteine
2,26691,80.04944229125977,122.02695,30.608172452842886,2.7799031000000003,L-Cysteine
12,26691,81.0446548461914,122.02698,0.4558174058784923,2.7731511500000003,L-Cysteine
11,26691,95.060272216796875,122.02695,0.8016741547975116,2.7799031000000003,L-Cysteine
4,26691,96.04439544677734,122.02695,4.853071811233486,2.7799031000000003,L-Cysteine
5,26691,106.02870178222656,122.02695,3.4843039634325192,2.7799031000000003,L-Cysteine
9,27078,122.02676391601563,122.026925,0.7747851013847373,2.7889867666665,L-Cysteine
7,26691,122.07130432128906,122.026945,1.3611516489261686,2.770175875,L-Cysteine
8,26691,122.09637832641602,122.026945,1.1359162486757857,2.770175875,L-Cysteine
1,26691,123.05537796020508,122.02695,100,2.7799031000000003,L-Cysteine
10,26691,124.03925323486328,122.02695,0.7370965512669221,2.7799031000000003,L-Cysteine
3,72652,77.03852081298828,122.096245,12.894055911773307,7.623829975,Phenylethylamine
2,72652,79.0541763305664,122.096245,19.942399558029074,7.623829975,Phenylethylamine
5,73054,95.0490608215332,122.096255,2.63791293253644,7.5915346083335,Phenylethylamine
4,72652,103.0542106628418,122.096245,13.32781025907991,7.623829975,Phenylethylamine
1,72652,105.06978225708008,122.096245,100,7.623829975,Phenylethylamine
6,72652,106.07316589355469,122.096245,2.458405406392044,7.623829975,Phenylethylamine
1,86998,77.10899353027344,123.11442,100,9.076116083333499,"L-Proline, 2H7"
2,86998,123.11450576782227,123.11442,16.089429248204805,9.076116083333499,"L-Proline, 2H7"
3,86998,124.08682250976563,123.11442,6.148373572428439,9.07155305,"L-Proline, 2H7"
4,88453,124.08819580078125,123.11443,4.910386671713666,9.0851783,"L-Proline, 2H7"
3,72495,62.07217025756836,124.09986,10.987041156159467,7.5600821499999995,"Glycine betaine, 13C5, 15N"
2,72495,63.07996940612793,124.09986,22.430659462885174,7.5600821499999995,"Glycine betaine, 13C5, 15N"
5,72646,118.0860824584961,124.099875,0.9761305378594496,7.5520657333334995,"Glycine betaine, 13C5, 15N"
4,72495,124.08681106567383,124.099835,4.9658768671686335,7.5600821499999995,"Glycine betaine, 13C5, 15N"
1,72495,124.09999465942383,124.09986,100,7.5600821499999995,"Glycine betaine, 13C5, 15N"
1,72653,44.0494384765625,126.02174,100,7.5714992500000005,Taurine
3,72653,108.01123809814453,126.02174,26.6261298933225,7.5714992500000005,Taurine
2,72653,126.0218391418457,126.02174,33.7435970256664,7.5714992500000005,Taurine
6,55284,56.049400329589844,126.06604,1.7244028793074713,5.79659945,5-Methylcytosine
8,56840,81.04418182373047,126.06603,0.540402692783283,5.834763916667,5-Methylcytosine
7,55443,81.04459381103516,126.06602,1.370104074753374,5.811295083333,5-Methylcytosine
4,55284,83.060302734375,126.06603,7.8572006525034075,5.805797583333,5-Methylcytosine
3,55284,108.05553817749023,126.06603,7.737229736293548,5.805797583333,5-Methylcytosine
2,55284,109.03956985473633,126.06603,11.829834923563894,5.805797583333,5-Methylcytosine
1,55284,126.06614303588867,126.06603,100,5.805797583333,5-Methylcytosine
5,55443,127.06976318359375,126.06602,1.8237100524817171,5.814235441666501,5-Methylcytosine
3,67360,43.02905082702637,126.13634,6.698194195420751,7.010722875,"L-Valine, 2H8"
4,67360,60.05560874938965,126.13634,4.397570577820297,7.010722875,"L-Valine, 2H8"
9,67360,62.09817886352539,126.13634,0.8670436348600754,7.007046,"L-Valine, 2H8"
6,67360,68.0242919921875,126.13634,3.7919907964773136,7.010722875,"L-Valine, 2H8"
5,67360,80.1309814453125,126.13634,1.5564382710274969,7.010722875,"L-Valine, 2H8"
12,67360,84.04427337646484,126.13634,0.1987896399009691,7.0147130666669995,"L-Valine, 2H8"
2,67360,85.05090713500977,126.13634,46.725207039270074,7.010722875,"L-Valine, 2H8"
11,67872,91.48051071166992,126.136335,0.4292289161933913,7.021142966667,"L-Valine, 2H8"
7,67360,110.04613876342773,126.13634,1.7606553703101657,7.010722875,"L-Valine, 2H8"
8,67360,126.06621932983398,126.13634,2.252334222022454,7.0147130666669995,"L-Valine, 2H8"
1,67360,127.07286834716797,126.13634,100,7.010722875,"L-Valine, 2H8"
10,67872,136.6791229248047,126.136335,1.042734300635551,7.021142966667,"L-Valine, 2H8"
7,26061,54.033700942993164,127.05015,4.693312404082084,2.9000703916664996,Thymine
5,26994,56.04941368103027,127.0502,6.793021480327742,2.8789325666670003,Thymine
6,26061,82.02867126464844,127.05018,4.917967529553357,2.8939012333334997,Thymine
3,26061,84.04429626464844,127.05015,16.857452947924273,2.92760635,Thymine
8,26416,85.94339752197266,127.050095,2.357710256805696,2.92760635,Thymine
4,26416,109.0396842956543,127.05015,13.15836684436061,2.92760635,Thymine
2,26061,110.0235824584961,127.05015,45.69961554019803,2.92760635,Thymine
1,26061,127.05012130737305,127.05015,100,2.92760635,Thymine
3,66958,43.029043197631836,127.07249,4.314248487478274,6.9884792000000004,Melamine
4,66958,60.05551719665527,127.07249,3.058000508640414,6.9884792000000004,Melamine
5,66958,68.02422332763672,127.07249,2.56341839953438,6.9884792000000004,Melamine
2,66958,85.05077362060547,127.07249,40.060736067057334,6.9884792000000004,Melamine
6,66958,110.0461196899414,127.07249,0.9480085630056427,6.9877655999999995,Melamine
1,66958,127.07260513305664,127.07249,100,6.9884792000000004,Melamine
3,82763,56.04938888549805,130.08608,5.734010450647087,8.61129025,Pipecolic acid
1,82763,84.08071517944336,130.08608,100,8.61129025,Pipecolic acid
4,83159,85.08409118652344,130.08606500000002,1.9006429734522652,8.608951900000001,Pipecolic acid
2,82763,130.08619689941406,130.08608,14.245189003747383,8.61129025,Pipecolic acid
5,100071,41.038490295410156,132.06538,6.262696286212227,10.429752749999999,Hydroxyproline
4,100071,58.065128326416016,132.06541000000001,5.833085148238199,10.426358624999999,Hydroxyproline
2,100071,68.049407958984375,132.06541000000001,55.94724875194047,10.426358624999999,Hydroxyproline
1,100071,86.05997085571289,132.06541000000001,100,10.426358624999999,Hydroxyproline
3,100071,132.0654754638672,132.06541000000001,17.144861823566032,10.426358624999999,Hydroxyproline
5,109783,42.03372383117676,132.076515,0.6052587034093144,11.2488573916665,Creatine
4,108967,43.02903747558594,132.07651,10.00975098224304,11.253707091667,Creatine
1,108967,44.0494384765625,132.07651,100,11.253707091667,Creatine
8,109255,86.07112884521484,132.07652,1.0553805312895863,11.2476648083335,Creatine
6,108967,87.05515670776367,132.07651,3.4894379253701002,11.253707091667,Creatine
2,108967,90.05487060546875,132.07651,67.31144546319203,11.253707091667,Creatine
7,108967,114.06607055664063,132.07651,2.1474466129145284,11.253707091667,Creatine
9,108967,115.05006408691406,132.07651,0.9321668804094967,11.253707091667,Creatine
3,108967,132.07664489746094,132.07651,24.40717981676086,11.253707091667,Creatine
8,93780,44.04937744140625,132.10172,0.44524237718362936,9.746318716667,beta-Alaninebetaine
7,94209,45.03338813781738,132.10173,0.5671014464045658,9.733233166666501,beta-Alaninebetaine
2,93780,58.065059661865234,132.10171,12.039050886398469,9.7402178583335,beta-Alaninebetaine
4,93780,59.07289695739746,132.10171,8.836650469902885,9.7402178583335,beta-Alaninebetaine
3,93780,60.08073425292969,132.10171,9.239325790555782,9.7402178583335,beta-Alaninebetaine
5,93780,73.02832794189453,132.10171,5.633158200827037,9.7402178583335,beta-Alaninebetaine
1,93780,132.10189819335938,132.10171,100,9.7402178583335,beta-Alaninebetaine
6,93780,133.1052703857422,132.10171,2.5377193466709844,9.7402178583335,beta-Alaninebetaine
4,50888,41.03852462768555,132.10181,15.480476235854736,5.3543594833335,L-Isoleucine
3,50888,43.05417060852051,132.10179,22.291518072864083,5.3444245333335,L-Isoleucine
2,50888,44.04944038391113,132.10181,46.451534512951696,5.348393424999999,L-Isoleucine
5,51392,69.06977081298828,132.10183,13.182634512180531,5.3555541666665,L-Isoleucine
1,50888,86.09635543823242,132.10181,100,5.348393424999999,L-Isoleucine
4,50888,41.03852462768555,132.10181,15.480476235854736,5.3543594833335,L-Leucine
3,50888,43.05417060852051,132.10179,22.291518072864083,5.3444245333335,L-Leucine
2,50888,44.04944038391113,132.10181,46.451534512951696,5.348393424999999,L-Leucine
5,51392,69.06977081298828,132.10183,13.182634512180531,5.3555541666665,L-Leucine
1,50888,86.09635543823242,132.10181,100,5.348393424999999,L-Leucine
4,89250,43.0178279876709,133.06072,8.748786485738016,9.305011675,L-Asparagine
2,89332,44.0494270324707,133.06071,22.397391864883332,9.259321875000001,L-Asparagine
5,89332,46.02874565124512,133.06074,11.369983979063846,9.257784066666499,L-Asparagine
6,89250,70.02853775024414,133.06068499999998,8.2903900677101,9.4266858666665,L-Asparagine
1,89250,74.02359771728516,133.06070499999998,100,9.2830564166665,L-Asparagine
3,89250,87.05529022216797,133.06071,17.97355001810209,9.278444733333,L-Asparagine
7,93985,87.05616760253906,133.06062,9.032567843066396,9.590724383333,L-Asparagine
1,155397,70.06507873535156,133.09711,100,16.507292891667,L-Ornithine
3,156003,115.08659362792969,133.097065,1.4823313635409092,16.497755474999998,L-Ornithine
2,155397,116.07060241699219,133.09711,7.730435623758083,16.507292891667,L-Ornithine
4,53715,41.03857612609863,133.09881000000001,20.61360704517183,5.837582116667001,"L-Isoleucine, 15N"
5,53715,44.04951477050781,133.0988,15.100245246946091,5.860563966667,"L-Isoleucine, 15N"
2,53261,45.04642868041992,133.09882499999998,44.67560627917827,5.84287725,"L-Isoleucine, 15N"
3,53261,69.06980514526367,133.09882,22.895362896973534,5.8530198583335,"L-Isoleucine, 15N"
6,53261,86.0962905883789,133.09882499999998,9.277964247333465,5.84287725,"L-Isoleucine, 15N"
1,53261,87.0936508178711,133.09882499999998,100,5.84287725,"L-Isoleucine, 15N"
2,106730,43.01780891418457,134.04468,35.50921455716561,11.091390924999999,L-Aspartic acid
3,106730,46.02868843078613,134.04467,25.121988850672462,11.0815217083335,L-Aspartic acid
4,106730,70.028717041015625,134.04468,17.52704664278395,11.091390924999999,L-Aspartic acid
1,106730,74.02360534667969,134.04468,100,11.091390924999999,L-Aspartic acid
5,106730,88.03921127319336,134.04468,23.66897454604952,11.091390924999999,L-Aspartic acid
5,96433,43.01779365539551,135.04721,8.6253391364522,10.006476075,Dimethylsulfoniopropionate
10,96433,44.997074127197266,135.04721,4.815577459281357,10.008164466667,Dimethylsulfoniopropionate
11,97517,44.99745559692383,135.04724,2.6349209738643276,9.958550666667,Dimethylsulfoniopropionate
3,96433,45.03343391418457,135.04721,23.97371306994005,10.006476075,Dimethylsulfoniopropionate
8,96433,46.99493598937988,135.04721,6.689313459572466,10.006476075,Dimethylsulfoniopropionate
6,96433,48.00277137756348,135.04718,5.458973913472807,10.008381383332999,Dimethylsulfoniopropionate
7,96433,55.01775932312012,135.04721,6.208633009048473,10.006476075,Dimethylsulfoniopropionate
9,96433,61.01053237915039,135.04721,4.7880171643033265,10.006476075,Dimethylsulfoniopropionate
2,96433,63.02622413635254,135.04721,82.21706615458363,10.006476075,Dimethylsulfoniopropionate
1,96433,73.02833938598633,135.04721,100,10.006476075,Dimethylsulfoniopropionate
4,96433,135.0472869873047,135.04721,22.79928555559648,10.006476075,Dimethylsulfoniopropionate
4,99056,46.99496078491211,136.0426,5.589629027883351,10.4287039166665,L-Homocysteine
2,99056,56.04946517944336,136.04257,18.601076978417503,10.4823731666665,L-Homocysteine
3,99696,90.0370864868164,136.0426,9.510324927041133,10.560616849999999,L-Homocysteine
5,99056,119.0351791381836,136.0426,8.028662635553651,10.4287039166665,L-Homocysteine
1,99056,136.0617218017578,136.04257,100,10.4823731666665,L-Homocysteine
4,45758,94.03990173339844,136.06153,1.9368255294806422,4.80667885,Adenine
2,45758,119.03507232666016,136.06153,8.96627716640948,4.80667885,Adenine
1,45758,136.0616912841797,136.06153,100,4.80667885,Adenine
3,45758,137.0648193359375,136.06154,2.178636749499815,4.812164241667,Adenine
4,42505,69.03335189819336,137.04570999999999,1.8908677828199294,4.404739125,Allopurinol
3,41680,94.0399169921875,137.0457,5.890315091748357,4.4010903500000005,Allopurinol
1,41680,96.04423522949219,137.0457,7.071253154289337,4.403028266667,Allopurinol
2,41680,110.0348129272461,137.0457,5.099121063519885,4.4010903500000005,Allopurinol
4,67296,94.0398941040039,137.04565,5.063535685311367,7.056181416667,Hypoxanthine
6,69716,94.04100799560547,137.04567,1.904780881312814,7.12893755,Hypoxanthine
2,67296,110.03486633300781,137.04565,8.848451252266011,7.059141466667,Hypoxanthine
5,68145,110.03596496582031,137.04562,4.341833787768096,6.972224583333,Hypoxanthine
3,67296,119.0350456237793,137.04565,7.215002891295397,7.057661441666999,Hypoxanthine
1,67296,137.04568481445313,137.04565,100,7.057661441666999,Hypoxanthine
9,53856,51.02286720275879,138.05475,0.7335177747097628,5.6493967666669995,Homarine
12,53856,53.03858184814453,138.05475,0.452093786481899,5.6493967666669995,Homarine
10,54463,67.05406951904297,138.05476,0.8598701614375275,5.65262605,Homarine
2,53552,78.03375625610352,138.05476,25.190660870334725,5.649785875,Homarine
11,53552,92.04943466186523,138.05476,0.7083913175045393,5.649785875,Homarine
13,53856,93.044647216796875,138.05475,0.509564429395189,5.6493967666669995,Homarine
3,53552,94.06507110595703,138.05476,22.98057762219684,5.649785875,Homarine
4,53552,96.04431533813477,138.05476,8.726532646162113,5.649785875,Homarine
5,53552,106.02864074707031,138.05476,7.057502651979686,5.649785875,Homarine
7,53552,121.0394401550293,138.05476,1.7075870888104525,5.649785875,Homarine
6,53552,124.03921508789063,138.05476,1.8211277547214877,5.649785875,Homarine
1,53552,138.05492401123047,138.05476,100,5.649785875,Homarine
8,53552,139.057861328125,138.05477,2.186948961164065,5.6298418166665005,Homarine
3,77223,92.04944610595703,138.05479,10.992616636301689,8.095694483332998,Trigonelline
2,77223,94.06505966186523,138.05479,13.115190755785413,8.095694483332998,Trigonelline
1,77223,138.05489349365234,138.05479,100,8.095694483332998,Trigonelline
4,56372,68.04951095581055,139.05009,3.4598264423595646,5.9724613583335,Urocanic acid
2,55286,93.0446891784668,139.05008,33.161563031602014,5.9612492083335,Urocanic acid
3,55286,95.06033706665039,139.05008,27.049036349991177,5.9623213583335,Urocanic acid
1,55286,121.03956985473633,139.05008,100,5.9612492083335,Urocanic acid
2,156227,75.09648513793945,139.134775,9.421467384487325,16.6503709083335,"Ornithine, 2H6"
1,156227,76.10274887084961,139.134775,100,16.6503709083335,"Ornithine, 2H6"
3,156227,122.108154296875,139.134775,11.587010760113873,16.6503709083335,"Ornithine, 2H6"
5,53238,44.04943084716797,140.03751,10.645707948980242,5.61320375,N-Methyltaurine
3,53238,58.06505012512207,140.03751,12.032097993896347,5.61320375,N-Methyltaurine
2,53238,78.03375625610352,140.03751,21.39059608677007,5.61320375,N-Methyltaurine
7,53238,96.04432678222656,140.03751,7.4485197775392304,5.61320375,N-Methyltaurine
4,53238,97.08389663696289,140.03751,18.605425766066283,5.61320375,N-Methyltaurine
6,53238,106.02863311767578,140.03751,4.816841985191253,5.61320375,N-Methyltaurine
8,53238,122.04305648803711,140.03751,2.379715223957393,5.5912959,N-Methyltaurine
9,53567,124.03921508789063,140.03751,1.2041344797276679,5.639185075,N-Methyltaurine
1,53238,141.0737075805664,140.03751,100,5.61320375,N-Methyltaurine
5,32039,42.03370666503906,140.08168,0.5823896657162394,3.343012166667,Toxopyrimidine
4,32039,54.03375053405762,140.08168,6.293341157331035,3.343012166667,Toxopyrimidine
1,32039,81.04465866088867,140.08168,100,3.343012166667,Toxopyrimidine
6,32302,82.0478286743164,140.08168,0.9643364745760704,3.3490633416669997,Toxopyrimidine
3,32039,122.0711555480957,140.08168,21.866616920215847,3.343012166667,Toxopyrimidine
2,32039,140.0817108154297,140.08168,29.60747966787077,3.343012166667,Toxopyrimidine
10,53822,51.02278709411621,141.07358,0.9223825886049579,5.643859666666501,"Homarine, 2H3"
11,54012,70.07290267944336,141.07358,0.4827371182054131,5.6493631,"Homarine, 2H3"
2,53551,78.03371810913086,141.07358,20.53747395940806,5.65970415,"Homarine, 2H3"
7,53551,79.040008544921875,141.07358,2.017879679871685,5.65970415,"Homarine, 2H3"
6,53551,96.04426574707031,141.07358,4.824792212640222,5.65970415,"Homarine, 2H3"
3,53551,97.08382797241211,141.07358,17.874241712587146,5.65970415,"Homarine, 2H3"
8,53822,98.09003448486328,141.07358,1.5365993022706634,5.6493631,"Homarine, 2H3"
5,53551,106.02859878540039,141.07358,5.978205156150441,5.65970415,"Homarine, 2H3"
9,53551,124.03922653198242,141.07358,1.0916541533608344,5.65970415,"Homarine, 2H3"
1,53551,141.07372283935547,141.07358,100,5.65970415,"Homarine, 2H3"
4,53551,142.07984161376953,141.07358,11.457359428361741,5.65970415,"Homarine, 2H3"
12,54012,151.73814392089844,141.07358,0.8424466656873006,5.6493631,"Homarine, 2H3"
8,93446,42.03375244140625,143.08128,3.0738778898749652,9.698243999999999,Ectoine
6,93446,44.0494270324707,143.08128,5.7214679519018095,9.698243999999999,Ectoine
5,93446,56.049415588378906,143.08128,8.380066535113997,9.698243999999999,Ectoine
3,93446,68.04938125610352,143.08128,22.5013441140952,9.698243999999999,Ectoine
7,93446,73.0759048461914,143.08128,3.999207019550589,9.698243999999999,Ectoine
11,93446,86.0599250793457,143.08128,0.29234867130164194,9.694366108333,Ectoine
1,93446,97.075958251953125,143.08128,100,9.698243999999999,Ectoine
4,93446,101.07081985473633,143.08128,9.537301138528365,9.698243999999999,Ectoine
13,95331,102.05403900146484,143.08134,0.3290367133501106,9.775100383333,Ectoine
10,93875,102.05486297607422,143.08125,0.6956220609564688,9.693103416667,Ectoine
2,93446,143.0813751220703,143.08128,58.33173033454388,9.698243999999999,Ectoine
9,93446,144.0849151611328,143.08124,1.148002775219288,9.703384583333,Ectoine
12,94308,144.08653259277344,143.08128,0.3326176905271623,9.6237742,Ectoine
2,64181,58.065053939819336,144.10183,9.172954799158,6.753255275,Proline betaine
3,64181,84.08064651489258,144.10183,5.884322381024093,6.753255275,Proline betaine
1,64181,144.1018295288086,144.10183,100,6.753255275,Proline betaine
4,65034,145.1053009033203,144.10183999999998,1.3182657156944635,6.76458205,Proline betaine
4,97103,43.017799377441406,146.11739,27.172186823080253,10.085715375,(3-Carboxypropyl)trimethylammonium
6,97103,44.049400329589844,146.11739,3.732245505133289,10.085715375,(3-Carboxypropyl)trimethylammonium
5,97103,45.03342819213867,146.11739,16.49352315892466,10.085715375,(3-Carboxypropyl)trimethylammonium
2,97103,60.08070373535156,146.11739,57.4152187680497,10.085715375,(3-Carboxypropyl)trimethylammonium
1,97103,87.04396438598633,146.11739,100,10.085715375,(3-Carboxypropyl)trimethylammonium
3,97103,146.11742401123047,146.11739,27.52213081785365,10.085715375,(3-Carboxypropyl)trimethylammonium
2,138498,43.017784118652344,146.11742500000003,39.44436713198033,14.422945541667001,Acetylcholine
5,139172,44.04950141906738,146.11739,2.1636986929682767,14.422945541667001,Acetylcholine
4,138498,60.080692291259766,146.11742500000003,6.335927832382881,14.422945541667001,Acetylcholine
1,138498,87.04394149780273,146.11742500000003,100,14.422945541667001,Acetylcholine
3,138498,146.11740112304688,146.11744,3.1398700946076876,14.421989816667,Acetylcholine
5,90846,41.038564682006836,147.07634,6.306976439848585,9.4389030083335,L-Glutamine
3,90846,56.04943084716797,147.07634,7.983941757155298,9.4389030083335,L-Glutamine
1,90846,84.0443115234375,147.07634,100,9.4389030083335,L-Glutamine
6,91273,85.02824401855469,147.07637,2.6065337070878165,9.438609058333501,L-Glutamine
4,91273,102.05494689941406,147.07637,1.8329853047945233,9.438609058333501,L-Glutamine
2,90846,130.0496826171875,147.07634,12.43448132703662,9.4389030083335,L-Glutamine
4,169253,56.04942321777344,147.1127,5.160168531329795,18.1709240583335,L-Lysine
1,168345,84.08072280883789,147.11273,100,18.168778575,L-Lysine
3,168345,130.08609008789063,147.11274,5.093461475718586,18.168778575,L-Lysine
2,168345,148.10587310791016,147.11275,8.548317703582383,18.160839691666503,L-Lysine
3,99409,43.01777648925781,148.06032,4.430695760137575,10.583798633333,beta-Glutamic acid
4,102105,56.049400329589844,148.06046,17.633379101567137,10.6332837,beta-Glutamic acid
1,99409,84.0443000793457,148.060375,100,10.617208091666999,beta-Glutamic acid
2,99409,88.0392074584961,148.06032,4.632093889846074,10.583798633333,beta-Glutamic acid
5,99174,102.0549545288086,148.06036,8.473071478082161,10.616089516667,beta-Glutamic acid
3,99409,43.01777648925781,148.06032,4.430695760137575,10.583798633333,L-Glutamic acid
4,102105,56.049400329589844,148.06046,17.633379101567137,10.6332837,L-Glutamic acid
1,99409,84.0443000793457,148.060375,100,10.617208091666999,L-Glutamic acid
2,99409,88.0392074584961,148.06032,4.632093889846074,10.583798633333,L-Glutamic acid
5,99174,102.0549545288086,148.06036,8.473071478082161,10.616089516667,L-Glutamic acid
1,64368,58.06510543823242,148.09676,68.45125633848353,6.735916400000001,Hydroxyisoleucine
2,64368,74.02361297607422,148.09676,100,6.735916400000001,Hydroxyisoleucine
3,64368,84.08081817626953,148.09676,41.1005201972305,6.735916400000001,Hydroxyisoleucine
4,64368,102.09137725830078,148.09677,5.09555148352387,6.7154712083335,Hydroxyisoleucine
2,39737,56.04943084716797,150.05825,100,4.951430033333001,L-Methionine
3,39737,61.01058006286621,150.05825,75.44167025906955,4.951430033333001,L-Methionine
4,39737,87.02619934082031,150.05825,13.468897551461772,4.951430033333001,L-Methionine
1,39737,150.07721710205078,150.05825,18.21449921512925,4.9420645583335,L-Methionine
11,32466,45.044633865356445,150.07719,0.7463588510605097,3.392440925,N6-Methyladenine
4,32466,57.04463577270508,150.0772,3.9305384956148104,3.394320808333,N6-Methyladenine
2,32466,94.03986740112305,150.0772,9.459482129806611,3.394320808333,N6-Methyladenine
7,32466,96.05549621582031,150.0772,1.199434821833783,3.394320808333,N6-Methyladenine
13,32466,106.03982162475586,150.0772,0.7099436902088393,3.394320808333,N6-Methyladenine
12,32988,108.04277420043945,150.07719,0.6321472433809849,3.401057483333,N6-Methyladenine
14,32988,109.05087661743164,150.07719,0.5806418904888715,3.401057483333,N6-Methyladenine
10,32466,121.05068588256836,150.07719,0.5574733295689742,3.392440925,N6-Methyladenine
3,32466,123.06639099121094,150.0772,6.299913007020717,3.394320808333,N6-Methyladenine
6,32466,133.0507583618164,150.0772,2.184630256746228,3.394320808333,N6-Methyladenine
9,32466,135.0539093017578,150.0772,1.0168405275813983,3.394320808333,N6-Methyladenine
8,32466,148.06173706054688,150.0772,0.8181093242286464,3.394320808333,N6-Methyladenine
1,32466,150.0773468017578,150.0772,100,3.394320808333,N6-Methyladenine
5,32466,151.08051300048828,150.07719,2.2115319471982593,3.392440925,N6-Methyladenine
3,100067,46.994937896728516,151.04219,8.344644578437904,10.388197958332999,Dimethylsulfoxonium propionate
4,100067,61.010576248168945,151.04219,8.430112592998363,10.388197958332999,Dimethylsulfoxonium propionate
6,100067,62.01835250854492,151.042205,2.60791331747579,10.388197958332999,Dimethylsulfoxonium propionate
2,100067,63.9976692199707,151.04219,33.40323577961836,10.388197958332999,Dimethylsulfoxonium propionate
5,100067,73.028411865234375,151.04219,3.740271301736029,10.388197958332999,Dimethylsulfoxonium propionate
1,100067,79.02112579345703,151.04219,100,10.388197958332999,Dimethylsulfoxonium propionate
3,80989,110.03486251831055,152.05657,34.69994534387818,8.4367398,Guanine
2,80989,135.03008270263672,152.05657,71.46846527908757,8.4367398,Guanine
1,80989,152.05669403076172,152.05657,100,8.4367398,Guanine
4,80989,153.04074096679688,152.05657,8.592644116795572,8.4367398,Guanine
1,47875,56.0494441986084,153.07708,100,5.011005858333499,"L-Methionine, 2H3"
2,47875,64.02946472167969,153.07708,77.390535809896,5.011005858333499,"L-Methionine, 2H3"
3,47875,90.04506301879883,153.07708,14.031411979182758,5.011005858333499,"L-Methionine, 2H3"
5,48701,107.07125091552734,153.07704999999999,11.291497684798605,5.0433777833335,"L-Methionine, 2H3"
4,47875,107.0716667175293,153.07707,10.182767461776281,5.002418575,"L-Methionine, 2H3"
1,100597,44.04948806762695,154.01675,100,10.6438731416665,L-Cysteinesulfinic acid
2,100597,74.02361679077148,154.01675,62.15076203524606,10.6438731416665,L-Cysteinesulfinic acid
4,80994,56.049434661865234,155.05399,10.89205282955913,8.4284095,"Guanine, 13C, 15N2"
3,80994,113.03223419189453,155.05399,35.30919817632986,8.4284095,"Guanine, 13C, 15N2"
2,80994,138.0275115966797,155.05399,75.33363934050838,8.4284095,"Guanine, 13C, 15N2"
1,80994,155.05401611328125,155.05399,100,8.4284095,"Guanine, 13C, 15N2"
5,81214,156.03803253173828,155.05398,7.331568108644364,8.417461325000001,"Guanine, 13C, 15N2"
5,125509,56.04939651489258,156.07671,5.004636037812804,14.254782283333,L-Histidine
7,149278,56.05013656616211,156.07674,2.887696536080228,15.490045150000002,L-Histidine
2,125509,83.0603256225586,156.07671,15.272314153060604,14.116067866666501,L-Histidine
4,125509,93.04473114013672,156.07671,8.914172342729994,14.116067866666501,L-Histidine
6,125509,95.06037521362305,156.07670000000002,6.430943856476228,13.774191541667001,L-Histidine
1,125509,110.07117080688477,156.07671,100,14.116067866666501,L-Histidine
3,125509,111.0682258605957,156.07670000000002,9.612807796616028,13.774191541667001,L-Histidine
5,124183,77.03843688964844,157.07375,12.148146114896871,14.340748366667,"L-Histidine, 15N"
6,133400,77.0394515991211,157.07378,7.279246994383265,13.705959016667,"L-Histidine, 15N"
4,124183,84.05737686157227,157.07375,13.379857788567989,13.083002141666501,"L-Histidine, 15N"
3,124183,94.04172134399414,157.07375,11.150029495669855,13.083002141666501,"L-Histidine, 15N"
2,124183,95.06040573120117,157.07375,5.99211987597897,14.057161375,"L-Histidine, 15N"
1,124183,111.06824493408203,157.07375,100,13.8004848166665,"L-Histidine, 15N"
1,111935,70.06507110595703,159.07629,100,11.548629091667,5-Hydroxyectoine
2,111935,113.07093811035156,159.07629,23.03973053803648,11.548629091667,5-Hydroxyectoine
3,112066,114.05497360229492,159.07623999999998,5.348617049997935,11.54380675,5-Hydroxyectoine
4,84558,44.04940414428711,160.09635,2.676092158874133,8.7935790416665,Betonicine
8,85114,45.03340721130371,160.09639,0.6035060501123148,8.803832,Betonicine
11,85114,46.06503677368164,160.09639,0.34226283668488483,8.803832,Betonicine
3,84558,58.06505584716797,160.09635,5.866385555083358,8.7935790416665,Betonicine
10,85114,70.06494522094727,160.09639,0.597621271916215,8.803832,Betonicine
2,84558,88.0755615234375,160.09635,25.397463079493622,8.7935790416665,Betonicine
9,84558,100.07562255859375,160.09635,0.6528383742381721,8.7935790416665,Betonicine
6,84558,102.05481338500977,160.09635,2.7023197040536195,8.7935790416665,Betonicine
7,84558,114.09114074707031,160.09634,0.8664739469217924,8.7935790416665,Betonicine
13,85114,114.09248733520508,160.096435,0.47606325731497523,8.794803733333,Betonicine
1,84558,160.09673309326172,160.09635,100,8.7935790416665,Betonicine
5,84558,161.1000213623047,160.09634,1.3794943026346034,8.791609083333,Betonicine
12,85987,161.1018524169922,160.09637,1.0123183839691163,8.874011766667,Betonicine
2,106138,55.017799377441406,162.07596,46.05955891904499,11.0112021166665,L-2-Aminoadipic acid
4,106138,56.04938888549805,162.075995,21.01689096966097,11.0112021166665,L-2-Aminoadipic acid
3,106138,70.0650749206543,162.07596,17.73192566891938,11.0112021166665,L-2-Aminoadipic acid
1,106138,98.0599479675293,162.07596,100,11.0112021166665,L-2-Aminoadipic acid
5,106138,116.07044219970703,162.07596,9.13940519604297,11.0112021166665,L-2-Aminoadipic acid
6,82560,41.038551330566406,162.0759,3.512247951714893,8.526351908333,N-Methyl-L-glutamic acid
4,81707,42.03383445739746,162.0759,9.98235948141106,8.514553158333001,N-Methyl-L-glutamic acid
2,81707,70.0650405883789,162.0759,16.517840618605366,8.51213965,N-Methyl-L-glutamic acid
7,81707,85.02844619750977,162.07589000000002,2.51245356618125,8.502102225,N-Methyl-L-glutamic acid
1,81707,98.0599136352539,162.0759,100,8.51213965,N-Methyl-L-glutamic acid
3,81707,116.0704231262207,162.0759,15.539362684959508,8.51213965,N-Methyl-L-glutamic acid
5,81707,144.06541442871094,162.0759,6.13544493320217,8.51213965,N-Methyl-L-glutamic acid
5,95908,43.01780319213867,162.11226,37.83765523664269,9.956429674999999,Carnitine
7,96367,44.04939651489258,162.11231,4.395014419078636,9.964289775000001,Carnitine
8,95908,57.03347206115723,162.11226,8.52315830957688,9.956429674999999,Carnitine
9,96367,58.06518363952637,162.11231,3.2574533119292735,9.964289775000001,Carnitine
1,95908,60.0806770324707,162.11226,100,9.956429674999999,Carnitine
4,95908,85.0283203125,162.11226,47.84559118023773,9.956429674999999,Carnitine
6,95908,102.09125137329102,162.11226,32.335761445715804,9.956429674999999,Carnitine
3,95908,103.03885269165039,162.11226,88.04341387324561,9.956429674999999,Carnitine
2,95908,162.11226654052734,162.11226,67.41459386435932,9.956429674999999,Carnitine
15,98642,41.03863716125488,164.09151500000002,6.14448607640668,10.2558418083335,Deoxynojirimycin
11,99761,42.033761978149414,164.091545,10.25538069851929,10.262830600000001,Deoxynojirimycin
5,98642,60.044301986694336,164.091545,55.82520477939016,10.259075341667,Deoxynojirimycin
16,98642,67.04151916503906,164.09151500000002,3.4156421050775636,10.2558418083335,Deoxynojirimycin
9,98642,68.049407958984375,164.091545,33.30447790630228,10.259075341667,Deoxynojirimycin
1,98642,69.03341293334961,164.091545,100,10.259075341667,Deoxynojirimycin
14,98906,71.04906845092773,164.09160500000002,5.6521561442315305,10.25925075,Deoxynojirimycin
4,98642,80.04935455322266,164.091545,72.0161883254365,10.259075341667,Deoxynojirimycin
2,98642,82.06505966186523,164.091545,71.28619768404067,10.259075341667,Deoxynojirimycin
10,98642,86.05990982055664,164.091545,15.323728864281678,10.259075341667,Deoxynojirimycin
13,98906,98.05974960327148,164.09160500000002,10.775867532646354,10.25925075,Deoxynojirimycin
12,98642,102.05484390258789,164.09151500000002,14.652470475824892,10.2558418083335,Deoxynojirimycin
3,98642,110.05997467041016,164.091545,49.13991779838453,10.259075341667,Deoxynojirimycin
7,98642,128.07057189941406,164.091545,28.65799130701457,10.259075341667,Deoxynojirimycin
8,98906,146.0811767578125,164.09156000000002,33.36847767089648,10.260820441667,Deoxynojirimycin
6,98642,164.09165954589844,164.091545,43.97198139023831,10.259075341667,Deoxynojirimycin
2,66636,56.049394607543945,166.05302,69.275748236412,7.3359267500000005,L-Methionine S-oxide
1,66636,74.02360153198242,166.05302,100,7.3359267500000005,L-Methionine S-oxide
6,39136,46.06504821777344,166.12222,6.665237203732918,4.079119983333,Hordenine
3,39136,77.038482666015625,166.12224,16.16125610676621,4.079119983333,Hordenine
5,39136,91.05411529541016,166.12224,11.313120163859072,4.079119983333,Hordenine
2,39136,93.06974792480469,166.12224,17.781909584158814,4.079119983333,Hordenine
4,39136,103.05409240722656,166.12224,13.040271773383735,4.079119983333,Hordenine
7,39478,105.04458236694336,166.12231,0.7760584521699712,4.0749440666665,Hordenine
1,39136,121.06470489501953,166.12224,100,4.079119983333,Hordenine
3,102355,66.033782958984375,168.02904,10.654680703584678,10.8621833166665,"2,3-Pyridinedicarboxylic acid"
2,102355,94.02872085571289,168.02905,26.122807119701104,10.806964741666501,"2,3-Pyridinedicarboxylic acid"
1,102355,122.0235824584961,168.02905,100,10.806964741666501,"2,3-Pyridinedicarboxylic acid"
2,116798,43.02903938293457,168.04361,45.846469898302594,12.034291316667,Taurocyamine
3,116798,44.04946517944336,168.04361,50.164618724869484,12.034291316667,Taurocyamine
7,116798,87.07913589477539,168.04361,9.845896245175101,12.0381433,Taurocyamine
4,116798,108.01123809814453,168.04361,34.016743539955314,12.031241575,Taurocyamine
1,116798,126.02186965942383,168.04361,100,12.034291316667,Taurocyamine
6,116798,151.01714324951172,168.04361,15.958815467535173,12.034291316667,Taurocyamine
5,116798,168.04364776611328,168.04361,21.186406452572093,12.034291316667,Taurocyamine
5,61041,44.01304817199707,175.10754,11.16091470704434,6.377267675000001,L-Theanine
2,60048,46.06504821777344,175.10757999999998,64.65395447080752,6.366964341666501,L-Theanine
6,61041,56.04950523376465,175.10754,13.033497068008575,6.377267675000001,L-Theanine
8,61041,72.04445266723633,175.10754,8.116046246313399,6.377267675000001,L-Theanine
1,60048,84.04431915283203,175.10757999999998,100,6.366964341666501,L-Theanine
4,60048,85.02837371826172,175.1076,11.903809951642458,6.355932558333,L-Theanine
7,60712,130.04974365234375,175.10759,5.1590202831536605,6.381975583333,L-Theanine
3,60712,158.0810089111328,175.10756,29.112766956898295,6.377267675000001,L-Theanine
2,172780,60.055551528930664,175.11887,24.599444396900246,18.736502666666503,L-Arginine
1,172780,70.06502532958984,175.11887,100,18.736502666666503,L-Arginine
5,173609,72.0806655883789,175.118755,3.0327466866320334,18.753042825,L-Arginine
3,172780,116.07060623168945,175.11887,9.4575750393347,18.736502666666503,L-Arginine
4,172780,130.0973663330078,175.11887,5.792841913613628,18.736502666666503,L-Arginine
5,106208,41.03854942321777,176.05521499999998,20.00941030681539,11.0024071416665,Succinylglycine
4,106208,55.01776123046875,176.055315,28.977287006881923,11.004165375,Succinylglycine
3,106208,56.04950714111328,176.055315,15.317498697949388,11.004165375,Succinylglycine
1,106208,70.06509017944336,176.055315,100,11.004165375,Succinylglycine
2,106208,84.04438018798828,176.05526,90.39005741922867,11.0053489666665,Succinylglycine
8,106208,101.02328109741211,176.05521499999998,19.861296387539234,11.0024071416665,Succinylglycine
7,106208,112.03940963745117,176.05521499999998,24.66535039465242,11.0024071416665,Succinylglycine
6,106208,113.07089614868164,176.05521499999998,14.988183475219643,11.0024071416665,Succinylglycine
3,112244,43.05419158935547,176.10276,6.907427217931586,11.5087770166665,Citrulline
1,111583,70.06508255004883,176.1028,100,11.5164491583335,Citrulline
2,111583,113.07085418701172,176.1028,17.02514223590608,11.5164491583335,Citrulline
12,70928,74.9210090637207,179.004325,0.4437867941547239,7.338478916666499,Arsenobetaine
14,70041,90.9521713256836,179.00428,1.0869729879360228,7.323933866666501,Arsenobetaine
10,70041,100.93663787841797,179.00433,0.8649122213213846,7.326986175,Arsenobetaine
6,70041,102.95219039916992,179.00433,2.803676148440972,7.326986175,Arsenobetaine
3,70041,104.96788024902344,179.00433,19.668567584441945,7.326986175,Arsenobetaine
15,70678,106.9469985961914,179.00438,0.5428273449200088,7.325214825,Arsenobetaine
11,70041,116.96792221069336,179.00433,1.3826862418061907,7.326986175,Arsenobetaine
8,70041,118.98349380493164,179.00433,2.479045675892592,7.326986175,Arsenobetaine
1,70041,119.99138259887695,179.00433,100,7.326986175,Arsenobetaine
16,70041,129.0619354248047,179.00428,0.4443069035455011,7.323933866666501,Arsenobetaine
13,70678,130.94721221923828,179.00435499999998,0.9137714132878698,7.3272241833335,Arsenobetaine
9,70041,135.0149154663086,179.00433,1.8128439081014878,7.326986175,Arsenobetaine
5,70041,136.99408721923828,179.00433,10.777706391961274,7.326986175,Arsenobetaine
7,70041,148.9576644897461,179.00433,1.832627377501366,7.326986175,Arsenobetaine
4,70041,160.99398803710938,179.00433,12.396945180454555,7.326986175,Arsenobetaine
2,70041,179.00458526611328,179.00433,61.41999983397406,7.326986175,Arsenobetaine
2,107402,43.017812728881836,179.0735,66.64853803063895,11.114486675,Gonyol
3,107402,55.054189682006836,179.0735,56.70670344985167,11.114486675,Gonyol
1,107402,57.03346633911133,179.0735,100,11.114486675,Gonyol
4,108381,71.0126838684082,179.07349499999998,31.503830474836413,11.110240825,Gonyol
7,107402,71.04905700683594,179.0735,12.86321594864686,11.114486675,Gonyol
6,108381,75.04419326782227,179.07349499999998,8.309796796037531,11.110240825,Gonyol
5,107402,117.05442810058594,179.0735,17.253745713084502,11.115987566667,Gonyol
8,107742,117.05522155761719,179.07339,16.358555498802865,11.06108215,Gonyol
3,100011,44.04951286315918,180.0866,91.40658573270305,10.382327233333001,Glucosamine
5,100011,56.049530029296875,180.0866,32.90982658538042,10.382327233333001,Glucosamine
4,100011,60.044328689575195,180.0866,60.97486968620486,10.382327233333001,Glucosamine
8,100676,69.03346633911133,180.08652,24.092302182854286,10.359676733333501,Glucosamine
6,100011,70.06499481201172,180.0866,46.19364037903622,10.382327233333001,Glucosamine
2,100011,72.04431533813477,180.08655499999998,79.75184317437237,10.374978925,Glucosamine
1,99913,84.04439926147461,180.08652,78.90704953560098,10.3817423583335,Glucosamine
9,100676,85.0284309387207,180.08652,21.534673045460977,10.359676733333501,Glucosamine
7,100011,98.05983352661133,180.0866,9.51797880703542,10.382327233333001,Glucosamine
1,112293,74.09016418457031,180.12788,100,11.600822658333499,"Citrulline, 2H4"
2,112293,117.09598159790039,180.12788,20.67333072493139,11.600822658333499,"Citrulline, 2H4"
6,69867,102.95227813720703,181.01087,2.6738427680697816,7.3355975083335,"Arsenobetaine, 13C2"
3,69867,104.96791076660156,181.01087,21.061293503806816,7.3355975083335,"Arsenobetaine, 13C2"
8,69867,118.98359680175781,181.01087,1.4072157243324837,7.3355975083335,"Arsenobetaine, 13C2"
1,69867,119.99137115478516,181.01087,100,7.3355975083335,"Arsenobetaine, 13C2"
7,71087,136.01834869384766,181.01087,1.432983636807665,7.3468522833335,"Arsenobetaine, 13C2"
4,69867,136.9940948486328,181.01087,8.814774767598937,7.3355975083335,"Arsenobetaine, 13C2"
5,69867,163.00081634521484,181.01087,10.77736931178493,7.3355975083335,"Arsenobetaine, 13C2"
2,69867,181.01136779785156,181.01087,44.045664688432595,7.3355975083335,"Arsenobetaine, 13C2"
8,70860,77.0384635925293,182.08078,15.425440113118242,7.360773275,L-Tyrosine
1,70228,91.05419921875,182.08077,100,7.354548366666499,L-Tyrosine
4,70228,95.04916763305664,182.08077,51.66430229450121,7.354548366666499,L-Tyrosine
5,70228,119.04909896850586,182.08077,43.84598698991106,7.354548366666499,L-Tyrosine
3,70228,120.9947509765625,182.08077,53.526732323619996,7.354548366666499,L-Tyrosine
2,70228,123.04390335083008,182.08077,55.22330656395887,7.354548366666499,L-Tyrosine
6,70228,136.07572174072266,182.08074,38.870178291741325,7.3533434416665,L-Tyrosine
7,70228,182.01490020751953,182.08074,26.952237899432497,7.3533434416665,L-Tyrosine
4,68144,45.03346061706543,184.06355,3.3477755542714824,7.097019475,Choline sulfate
2,68144,60.08069610595703,184.06358,13.328475210278919,7.1103171,Choline sulfate
3,68609,86.09635543823242,184.0636,3.8587996287025437,7.1184899999999995,Choline sulfate
1,68144,104.10692977905273,184.06358,100,7.1103171,Choline sulfate
5,68838,184.06350708007813,184.063605,2.023005328827561,7.1204216083334995,Choline sulfate
7,108087,45.03341484069824,184.073145,12.82180931168055,11.4860556916665,Phosphocholine
3,108087,60.080711364746094,184.07318,20.730788629111093,11.5309448166665,Phosphocholine
5,108087,71.07293319702148,184.07318,12.681147532678764,11.5309448166665,Phosphocholine
1,108087,86.09637069702148,184.07318,100,11.5309448166665,Phosphocholine
4,108087,98.98407745361328,184.07318,16.508742666542645,11.5309448166665,Phosphocholine
8,108087,104.10697937011719,184.07318,4.770464658436399,11.5309448166665,Phosphocholine
2,108087,124.99975204467773,184.07318,65.99494445110298,11.5309448166665,Phosphocholine
6,108087,184.07318878173828,184.07323,11.121454187783355,11.5309448166665,Phosphocholine
6,174146,46.02650451660156,185.12698999999998,3.4606439006575607,18.8045515416665,"L-Arginine, 13C6, 15N4"
2,173045,64.04996109008789,185.12708,23.945306679114886,18.8038241666665,"L-Arginine, 13C6, 15N4"
1,173045,75.075469970703125,185.12708,100,18.8038241666665,"L-Arginine, 13C6, 15N4"
5,173045,77.09122085571289,185.12711,3.6130589979214514,18.811909550000003,"L-Arginine, 13C6, 15N4"
3,173045,122.08431625366211,185.12708,9.171166729522525,18.8038241666665,"L-Arginine, 13C6, 15N4"
4,174146,138.10533142089844,185.12698999999998,6.777084872675094,18.8045515416665,"L-Arginine, 13C6, 15N4"
2,109329,60.080718994140625,186.10577,29.73218103707305,11.2911699416665,"Glucosamine, 13C6"
8,109329,67.04160690307617,186.10577,1.741477058625571,11.2911699416665,"Glucosamine, 13C6"
5,109329,68.04944229125977,186.10577,8.555423861736072,11.2911699416665,"Glucosamine, 13C6"
3,109329,69.05725860595703,186.10577,12.460141584707458,11.2911699416665,"Glucosamine, 13C6"
7,109329,86.0058822631836,186.10577,3.4438061646799554,11.2911699416665,"Glucosamine, 13C6"
6,109329,100.02152252197266,186.10577,8.979308316167398,11.2911699416665,"Glucosamine, 13C6"
1,109329,127.03239440917969,186.10577,100,11.2911699416665,"Glucosamine, 13C6"
4,109329,186.1058120727539,186.10577,8.838325635741375,11.2911699416665,"Glucosamine, 13C6"
3,77424,56.0494441986084,189.12312,5.3943419911608625,8.1322607416665,N6-Acetyl-L-lysine
1,77424,84.08069610595703,189.12312,100,8.1322607416665,N6-Acetyl-L-lysine
2,77424,126.09124374389648,189.12312,8.652123189290855,8.1322607416665,N6-Acetyl-L-lysine
4,78372,130.0865020751953,189.12314,2.716614104955336,8.143768824999999,N6-Acetyl-L-lysine
4,158583,56.049367904663086,189.15966,3.697258917348579,16.91156395,"N6,N6,N6-Trimethyl-L-lysine"
2,158583,60.08068656921387,189.159645,16.060069992708858,16.9221255083335,"N6,N6,N6-Trimethyl-L-lysine"
1,158583,84.08067321777344,189.159645,100,16.9221255083335,"N6,N6,N6-Trimethyl-L-lysine"
3,158583,130.08605194091797,189.159645,9.625673758156687,16.9221255083335,"N6,N6,N6-Trimethyl-L-lysine"
5,158583,144.13814544677734,189.15966,2.143109093095239,16.91156395,"N6,N6,N6-Trimethyl-L-lysine"
6,97371,41.038509368896484,190.07085,11.955287041449818,10.03854545,N-Acetyl-L-glutamic acid
2,96112,56.0494270324707,190.07087,15.043367782558068,10.0186191,N-Acetyl-L-glutamic acid
1,96112,84.04436111450195,190.07087,100,10.0186191,N-Acetyl-L-glutamic acid
5,96112,98.06011581420898,190.07082,6.6063457907584215,10.0149366083335,N-Acetyl-L-glutamic acid
4,96112,130.04991149902344,190.07082,12.880132065235383,10.0149366083335,N-Acetyl-L-glutamic acid
3,96112,190.09744262695313,190.07083,10.301279640776123,10.026559941667,N-Acetyl-L-glutamic acid
1,21001,70.0650405883789,195.1128,100,2.2300987,Cyclo(Pro-Pro)
2,21001,98.05999374389648,195.1128,54.0793776620782,2.2300987,Cyclo(Pro-Pro)
3,21190,195.11264038085938,195.11278,17.67785924651946,2.2314114583335,Cyclo(Pro-Pro)
5,72492,43.01778030395508,204.12261,4.232205781064497,7.545175783333001,O-Acetylcarnitine
8,72492,44.04944610595703,204.122565,0.7440621632720037,7.553191366666501,O-Acetylcarnitine
12,72492,45.05720138549805,204.12252,0.2658944807573012,7.5505679583335,O-Acetylcarnitine
6,72492,57.03343200683594,204.12261,3.3878309403190796,7.545175783333001,O-Acetylcarnitine
3,72643,58.065093994140625,204.12267,1.1391465571858963,7.545175783333001,O-Acetylcarnitine
2,72492,59.07287406921387,204.12258,0.6335408759299377,7.542552375,O-Acetylcarnitine
4,72492,60.080705642700195,204.12261,13.170549775194216,7.545175783333001,O-Acetylcarnitine
11,72492,84.08066940307617,204.12258,0.8019249155615853,7.542552375,O-Acetylcarnitine
1,72492,85.02834701538086,204.12261,100,7.545175783333001,O-Acetylcarnitine
10,72492,91.45611190795898,204.12252,0.6914142852998963,7.5505679583335,O-Acetylcarnitine
7,72492,144.10177612304688,204.12261,2.391314583202785,7.545175783333001,O-Acetylcarnitine
9,72643,145.04954528808594,204.12267,0.45954981123697874,7.5350149416665,O-Acetylcarnitine
3,57007,57.03338813781738,218.13834500000002,6.00407842272597,6.014294325,O-Propionylcarnitine
4,57636,58.064958572387695,218.13837,0.9054596946790976,5.9985651833335005,O-Propionylcarnitine
2,57007,60.080684661865234,218.13834500000002,8.261118467351416,6.014294325,O-Propionylcarnitine
1,57007,85.0283203125,218.13834500000002,100,6.014294325,O-Propionylcarnitine
5,57007,144.10167694091797,218.13834,1.6476509686001726,6.0282712916665,O-Propionylcarnitine
7,86824,55.01776885986328,220.08146,13.03584136499931,9.0570951416665,O-Succinylhomoserine
1,86824,56.04940986633301,220.08143,100,9.059282233333,O-Succinylhomoserine
6,87250,73.02842330932617,220.081445,15.846017513482451,9.067558575,O-Succinylhomoserine
3,87250,74.0235710144043,220.08139,21.468981354312717,9.06293295,O-Succinylhomoserine
2,86824,74.05997085571289,220.08143,77.15716548512404,9.059282233333,O-Succinylhomoserine
8,86824,84.04425430297852,220.081425,14.463482837097738,9.059282233333,O-Succinylhomoserine
5,86824,101.02322387695313,220.08143,14.381997604500835,9.059282233333,O-Succinylhomoserine
4,86824,102.05496978759766,220.08146,24.752969661555518,9.0570951416665,O-Succinylhomoserine
3,123511,56.049455642700195,223.0746,7.534274584601524,12.837801983333499,L-Cystathionine
1,123511,88.0215072631836,223.0746,100,12.837801983333499,L-Cystathionine
2,123511,134.0270538330078,223.07462,13.57542984463597,12.828875275,L-Cystathionine
5,100069,83.06035614013672,227.11369,7.1976777137374395,10.3724328166665,Carnosine
6,100836,93.04471588134766,227.11372,5.231857624575447,10.367378725,Carnosine
2,100069,95.060333251953125,227.11372,9.552521999276214,10.3742561666665,Carnosine
1,100069,110.07122039794922,227.11372,100,10.3742561666665,Carnosine
3,100069,122.07119369506836,227.11372,11.89487062234553,10.3742561666665,Carnosine
7,100772,122.07219696044922,227.11368499999998,6.708055698214324,10.3897248083335,Carnosine
4,100528,156.07669830322266,227.11376,7.494433305000882,10.3742561666665,Carnosine
2,109318,60.0806999206543,230.09555,41.141475505952826,11.30487875,Ergothioneine
4,109318,68.04943466186523,230.09555,21.51529403636095,11.30487875,Ergothioneine
3,109318,69.05720520019531,230.09555,31.876413068311262,11.30487875,Ergothioneine
5,109318,100.02147674560547,230.09555,19.5320722830731,11.30487875,Ergothioneine
1,109318,127.0323371887207,230.09555,100,11.30487875,Ergothioneine
4,41138,43.054222106933594,232.1539,3.1796865004633696,4.617171375,Butyrylcarnitine
3,41138,57.0334587097168,232.1539,3.9050868442499818,4.617171375,Butyrylcarnitine
2,41138,60.08067321777344,232.1539,7.691766581080122,4.617171375,Butyrylcarnitine
5,41138,71.04905700683594,232.1539,2.4760911561521617,4.617171375,Butyrylcarnitine
1,41138,85.02833557128906,232.1539,100,4.617171375,Butyrylcarnitine
6,41138,86.0314826965332,232.15391,0.6591374587638714,4.614210249999999,Butyrylcarnitine
8,41138,91.45585250854492,232.15391,1.0060667231716125,4.614210249999999,Butyrylcarnitine
7,43819,144.10205078125,232.153875,1.4025225118044147,4.617171375,Butyrylcarnitine
2,102358,74.00581741333008,241.03104,61.997166528415455,10.9593876833335,L-Cystine
1,102358,74.02359390258789,241.03104,100,10.9593876833335,L-Cystine
3,102358,120.01138305664063,241.03104,41.36318391556938,10.9593876833335,L-Cystine
9,79575,68.04935073852539,241.12922,7.421928833050129,8.310695375,Anserine
5,79969,95.06040954589844,241.12926499999998,10.453108077173276,8.294414958333501,Anserine
2,79575,96.06816101074219,241.12926,29.801959655878775,8.3054122333335,Anserine
6,79575,97.07590866088867,241.12926,11.434842759745681,8.3054122333335,Anserine
1,79575,109.07598114013672,241.12926,100,8.3054122333335,Anserine
8,79575,124.08685684204102,241.12924,4.576635778826781,8.302495008333501,Anserine
3,79575,126.10248565673828,241.12926,21.53026029468796,8.3054122333335,Anserine
7,79575,153.0660400390625,241.12922,10.201538611773,8.310695375,Anserine
4,79575,170.09241485595703,241.12926,12.384157243543065,8.3054122333335,Anserine
3,80633,52.01818084716797,244.09256,20.076247713236704,8.3932622333335,Cytidine
4,82561,52.01861000061035,244.09267,18.689384752831373,8.4634564166665,Cytidine
6,80678,67.028839111328125,244.09256,10.678411893906675,8.399952025000001,Cytidine
5,81122,68.01317596435547,244.09259500000002,6.839300295281531,8.404219791667,Cytidine
7,80633,69.04479217529297,244.09255000000002,4.6334580997502535,8.397363525,Cytidine
2,80633,95.02399063110352,244.09257,27.071627123827298,8.400657941667,Cytidine
1,80633,112.05046844482422,244.09257,100,8.400657941667,Cytidine
6,85768,44.049537658691406,252.10772,44.632801410170146,9.13725625,Muramic acid
2,85768,56.049428939819336,252.10776,32.31582237579747,9.169205883333,Muramic acid
1,85768,70.06492614746094,252.10772,36.870787532315525,9.13725625,Muramic acid
3,85768,72.04431533813477,252.107705,83.09058977821391,9.169205883333,Muramic acid
4,85768,84.04437255859375,252.10767,53.956359128681484,9.1558708,Muramic acid
5,85768,98.05986404418945,252.10772,29.856020400318087,9.13725625,Muramic acid
4,34878,45.0334587097168,252.10897,5.806478925455785,3.6618369250000002,Deoxyadenosine
5,34297,67.02897262573242,252.10886499999998,4.0452959900907075,3.641459158333,Deoxyadenosine
7,34297,73.02826309204102,252.10886499999998,3.95813538996729,3.641459158333,Deoxyadenosine
3,34297,92.02425765991211,252.10885,5.781081175691741,3.641459158333,Deoxyadenosine
6,34878,94.0399398803711,252.10897,3.3320094095005834,3.6618369250000002,Deoxyadenosine
8,34297,99.043853759765625,252.10877,3.2234419748173027,3.6077719416665,Deoxyadenosine
2,34297,119.03507614135742,252.10885,16.211580324009336,3.641459158333,Deoxyadenosine
1,34297,136.06165313720703,252.10885,100,3.641459158333,Deoxyadenosine
1,97546,58.06499099731445,255.10721,23.03047920903316,10.148609816667,2-O-alpha-D-Glucosylglycerol
2,97817,67.04148864746094,255.10738,42.43240144780063,10.15337165,2-O-alpha-D-Glucosylglycerol
7,110462,44.04950141906738,258.10986,6.527637055560507,11.3675736333335,Glycerophosphocholine
5,109998,45.03346252441406,258.10977,15.30858499055337,11.373302816667,Glycerophosphocholine
10,111353,45.03388214111328,258.10983,10.329473765082614,11.326515033333,Glycerophosphocholine
13,110462,45.057167053222656,258.10986,3.2926428747456526,11.3675736333335,Glycerophosphocholine
11,109998,58.06503677368164,258.109755,7.210923202052378,11.366086041667,Glycerophosphocholine
4,109998,60.080692291259766,258.109785,37.3878631533389,11.3671711333335,Glycerophosphocholine
6,109998,71.07281494140625,258.109785,6.915831187814339,11.3671711333335,Glycerophosphocholine
3,109998,86.09635925292969,258.109785,59.511210124766706,11.3671711333335,Glycerophosphocholine
9,109998,98.98406982421875,258.109785,6.409496491404958,11.3671711333335,Glycerophosphocholine
1,109998,104.10687255859375,258.109785,100,11.3671711333335,Glycerophosphocholine
2,109998,124.99971008300781,258.109785,52.62146902705876,11.3671711333335,Glycerophosphocholine
12,109998,166.06250762939453,258.109785,5.006163484617224,11.3671711333335,Glycerophosphocholine
8,109998,184.07320404052734,258.109785,9.144976754450877,11.3671711333335,Glycerophosphocholine
3,17757,147.06778717041016,260.16446,5.889839869958871,1.917938725,2-Heptyl-3-hydroxy-quinolone
1,17655,175.0626983642578,260.16446,100,1.917938725,2-Heptyl-3-hydroxy-quinolone
2,17655,260.16448974609375,260.16446,76.79160563964899,1.917938725,2-Heptyl-3-hydroxy-quinolone
12,76240,43.01778030395508,262.127975,1.6412556100439653,8.077889908332999,O-Methylmalonyl-L-carnitine
14,76240,44.0494270324707,262.12800500000003,1.2336074129440169,8.0804519666665,O-Methylmalonyl-L-carnitine
10,76240,45.03347969055176,262.12800500000003,2.1376377477199977,8.0804519666665,O-Methylmalonyl-L-carnitine
5,76240,57.03341484069824,262.127975,8.02657488191769,8.077889908332999,O-Methylmalonyl-L-carnitine
4,76240,58.0650749206543,262.127975,11.072508787799123,8.077889908332999,O-Methylmalonyl-L-carnitine
3,76240,59.072866439819336,262.127975,16.50654164598963,8.077889908332999,O-Methylmalonyl-L-carnitine
2,76240,60.08069610595703,262.127975,19.651320237429136,8.077889908332999,O-Methylmalonyl-L-carnitine
11,76240,73.02835464477539,262.127975,3.4689719720368446,8.077889908332999,O-Methylmalonyl-L-carnitine
8,76240,84.08071517944336,262.127975,2.0831039787157755,8.077889908332999,O-Methylmalonyl-L-carnitine
1,76240,85.0283203125,262.127975,100,8.077889908332999,O-Methylmalonyl-L-carnitine
16,76240,86.03149795532227,262.12802,0.3331957245571522,8.069286975,O-Methylmalonyl-L-carnitine
9,76240,101.02322769165039,262.127975,3.226161865285019,8.077889908332999,O-Methylmalonyl-L-carnitine
7,76240,103.03881072998047,262.127975,4.855400013469891,8.077889908332999,O-Methylmalonyl-L-carnitine
13,76240,129.07835388183594,262.12800500000003,1.3281197161199483,8.0804519666665,O-Methylmalonyl-L-carnitine
6,76240,144.1017837524414,262.127975,6.296321294370561,8.077889908332999,O-Methylmalonyl-L-carnitine
15,76717,162.11237335205078,262.12796,1.0721472337443014,8.069028124999999,O-Methylmalonyl-L-carnitine
4,43986,55.01782417297363,268.10371499999997,2.793046914055814,4.5750110916665,Adenosine
3,43485,57.033424377441406,268.10373,3.860897957953105,4.640119275,Adenosine
2,43986,119.03507614135742,268.10371499999997,5.8076060549660316,4.5750110916665,Adenosine
1,43485,136.06168365478516,268.1037,100,4.632440108333,Adenosine
3,72501,43.029043197631836,268.10380499999997,54.4160548784104,7.5461428250000004,Deoxyguanosine
5,72501,55.02899742126465,268.10380499999997,51.12582871796724,7.5461428250000004,Deoxyguanosine
6,72507,80.02423095703125,268.10367,17.62006666825111,7.569065358333001,Deoxyguanosine
4,72501,110.03482437133789,268.10380499999997,44.01350877957904,7.5461428250000004,Deoxyguanosine
2,72501,135.03013610839844,268.10380499999997,93.71960841202078,7.5461428250000004,Deoxyguanosine
1,72501,152.056640625,268.10380499999997,94.14139803082271,7.5461428250000004,Deoxyguanosine
2,66941,55.02903175354004,269.08792,64.0944578929701,7.0518767166669996,Inosine
3,66941,82.03985214233398,269.08792,20.001374110108358,7.0479806499999995,Inosine
5,67311,92.0242691040039,269.08786,9.581567211492647,7.05546645,Inosine
4,66941,110.03480911254883,269.08792,20.14463276765339,7.0518767166669996,Inosine
1,66941,137.04576873779297,269.08792,100,7.0518767166669996,Inosine
5,87346,43.0289363861084,284.09897,12.502865340268277,9.106769983332999,Guanosine
3,87346,55.029056549072266,284.09895500000005,19.351919376987908,9.1113385833335,Guanosine
7,87953,80.0242691040039,284.09885,4.256501988519261,9.0977357166665,Guanosine
4,87764,110.03482055664063,284.09888,19.35276131817034,9.106373683333,Guanosine
6,88651,110.03584289550781,284.09879,14.018480692480207,9.071756616667,Guanosine
2,87346,135.03018188476563,284.09895500000005,35.81386665802076,9.1113385833335,Guanosine
1,87346,152.056640625,284.09891,100,9.1045336416665,Guanosine
3,86483,41.03857231140137,290.134625,5.114762942937898,9.0289289333335,Ophthalmic acid
1,86483,58.06509208679199,290.13452,100,9.0131826,Ophthalmic acid
2,86483,84.04434585571289,290.13452,21.539737298582132,9.0131826,Ophthalmic acid
4,130001,70.02856063842773,291.12976,4.219216194414468,13.417141766667001,L-Arginosuccinic acid
1,130001,70.0650405883789,291.12973,100,13.418394775,L-Arginosuccinic acid
5,131258,71.049072265625,291.12976,3.2153727701852644,13.427383225,L-Arginosuccinic acid
2,130001,88.03922271728516,291.12973,11.94020366620503,13.418394775,L-Arginosuccinic acid
3,130001,116.07041549682617,291.12973,6.941673373572067,13.418394775,L-Arginosuccinic acid
3,39498,84.04432678222656,294.11838,42.58236752554492,4.2996964666665,N-Acetylmuramic acid
2,39498,96.04435348510742,294.118335,43.675110073017066,4.383337241666499,N-Acetylmuramic acid
4,39498,98.05983352661133,294.11838,18.6428901000817,4.2996964666665,N-Acetylmuramic acid
1,39498,138.0549774169922,294.11832,100,4.3936955916665,N-Acetylmuramic acid
4,63971,77.03860092163086,295.12875,3.619616382877646,6.718279841667,Glutamylphenylalanine
2,63971,84.044342041015625,295.12881,46.773363122241804,6.7443413833335,Glutamylphenylalanine
3,63971,103.05416870117188,295.12881,18.154104807734306,6.7443413833335,Glutamylphenylalanine
1,63971,120.08072662353516,295.12881,100,6.7443413833335,Glutamylphenylalanine
3,102360,58.994998931884766,308.091045,45.00676588597063,10.631114541666498,Glutathione
1,102360,76.02149200439453,308.091045,100,10.631114541666498,Glutathione
2,102360,84.04435729980469,308.091045,77.91906983574927,10.631114541666498,Glutathione
4,103332,116.01636505126953,308.09098500000005,15.164294507524344,10.66142675,Glutathione
3,116075,41.03842353820801,343.12332000000004,57.199269407859745,11.944200508333001,Lactose
4,116075,55.05424880981445,343.12334999999996,34.2952798208854,11.979048916667,Lactose
1,116357,57.06992530822754,343.12330499999996,84.5648152834834,11.95083825,Lactose
2,116938,71.08552551269531,343.12329,43.40980648167146,11.95969425,Lactose
4,97560,42.03376770019531,345.07806,29.44138413998969,10.244272091667,Thiamine monophosphate
3,97560,81.04465103149414,345.078015,51.654073921660995,10.249681366667,Thiamine monophosphate
1,97560,122.07123565673828,345.078015,100,10.249681366667,Thiamine monophosphate
2,97560,126.03712844848633,345.078015,50.46954592031691,10.249681366667,Thiamine monophosphate
6,89508,55.01779747009277,355.0741,15.01905943018454,9.3215453833335,"Cys-Gly, oxidized"
7,88902,74.00602340698242,355.07414500000004,7.829977907714284,9.279292058332999,"Cys-Gly, oxidized"
2,88902,76.02149200439453,355.0741,25.76618722944363,9.3044673083335,"Cys-Gly, oxidized"
1,88902,85.03959655761719,355.0741,100,9.3044673083335,"Cys-Gly, oxidized"
5,88902,113.03455352783203,355.0741,14.261968183239773,9.3044673083335,"Cys-Gly, oxidized"
4,89508,130.04984283447266,355.07416,12.646557291735165,9.3004894416665,"Cys-Gly, oxidized"
3,88902,131.0450897216797,355.0741,21.110320085342018,9.3044673083335,"Cys-Gly, oxidized"
1,79924,88.02149963378906,385.1286,100,8.337368691666502,S-Adenosylhomocysteine
3,80138,134.02690887451172,385.1286,15.917789200593152,8.331786991666501,S-Adenosylhomocysteine
2,79924,136.0617218017578,385.1286,75.07892148662795,8.337368691666502,S-Adenosylhomocysteine
3,122371,56.04945755004883,399.14441,47.40144871639098,12.682282924999999,S-Adenosylmethionine
4,123052,61.01061248779297,399.14426,12.766832126391169,12.6663921083335,S-Adenosylmethionine
2,122371,97.02835845947266,399.14441,72.31504525114823,12.682282924999999,S-Adenosylmethionine
1,122371,136.06175994873047,399.14441,100,12.682282924999999,S-Adenosylmethionine
4,111637,42.033823013305664,425.04422,29.86016167608225,11.5696443833335,Thiamine diphosphate
5,112639,54.03386306762695,425.044175,8.138250926459772,11.563112675,Thiamine diphosphate
2,111637,81.04470443725586,425.04428,61.535225284982765,11.5778139583335,Thiamine diphosphate
1,111637,122.0711898803711,425.04428,100,11.5778139583335,Thiamine diphosphate
3,111637,126.03714370727539,425.04428,40.00908600203117,11.5778139583335,Thiamine diphosphate
3,96631,43.01784896850586,425.17633,12.61402443975548,10.032371158333,Chitobiose
2,96631,84.04425430297852,425.17642,54.32336932303975,10.028599825,Chitobiose
5,96631,96.04425430297852,425.17633,8.927248244562891,10.032371158333,Chitobiose
4,96729,97.02835845947266,425.17649500000005,18.280148773073407,10.028599825,Chitobiose
1,96631,136.0617218017578,425.17642,100,10.028599825,Chitobiose
5,72979,43.017887115478516,457.11170500000003,45.6108762401538,7.631464891667001,Riboflavin-5-phosphate
3,72979,45.0334358215332,457.11170500000003,60.77464640837398,7.631464891667001,Riboflavin-5-phosphate
6,72979,53.038557052612305,457.11170500000003,19.218932350260378,7.755284466666501,Riboflavin-5-phosphate
9,72031,57.033538818359375,457.11164499999995,20.295335597068583,7.766281375,Riboflavin-5-phosphate
4,72031,69.03347396850586,457.111675,25.361898520819395,7.766281375,Riboflavin-5-phosphate
8,72031,81.03335952758789,457.11166,21.802637452750993,7.7062431916665,Riboflavin-5-phosphate
7,73869,98.98406982421875,457.11170500000003,35.08925187735018,7.8154157416665,Riboflavin-5-phosphate
1,72031,172.08679962158203,457.111675,100,7.766281375,Riboflavin-5-phosphate
2,72031,198.06616973876953,457.111675,45.6953476715708,7.766281375,Riboflavin-5-phosphate
1,15022,55.05415916442871,533.32556,43.96671410655388,1.6643452833335,Sodium taurocholate
3,14848,119.0855941772461,533.32556,23.479103951140992,1.6732423333335,Sodium taurocholate
2,14937,126.02175903320313,533.32538,69.68921776104402,1.647301325,Sodium taurocholate
15,140946,58.99501991271973,613.15903,14.506809451881239,14.5361976416665,Glutathione disulfide
14,139756,74.00577545166016,613.1593,17.68472667024777,14.533849475,Glutathione disulfide
2,139756,76.02153396606445,613.15906,55.266879794402136,14.533849475,Glutathione disulfide
22,141399,83.0597152709961,613.15906,2.6781809830893697,14.57642475,Glutathione disulfide
12,140433,83.06044006347656,613.159,21.323792877472417,14.527581633333,Glutathione disulfide
4,139756,84.04435348510742,613.15906,64.9661722227087,14.533849475,Glutathione disulfide
3,139756,85.03960418701172,613.15906,90.84049801458804,14.533849475,Glutathione disulfide
20,139756,99.055206298828125,613.1593,7.783298135083447,14.540117316667,Glutathione disulfide
21,141081,99.05644226074219,613.1593,8.69636996085469,14.4751342,Glutathione disulfide
18,140946,107.06035995483398,613.15903,12.079253544490387,14.5361976416665,Glutathione disulfide
9,139756,109.07600021362305,613.1593,19.247716562572883,14.533849475,Glutathione disulfide
19,140946,112.03917694091797,613.15903,11.97221637480799,14.5361976416665,Glutathione disulfide
16,139756,116.01645278930664,613.1593,14.807991733196271,14.533849475,Glutathione disulfide
11,139756,130.04975128173828,613.15906,23.4014051711044,14.533849475,Glutathione disulfide
10,140846,131.04458618164063,613.15894,71.53123977145417,14.507849633333,Glutathione disulfide
6,139756,131.04518127441406,613.1593,29.259102700823743,14.540117316667,Glutathione disulfide
5,139756,131.99364471435547,613.15924,20.31050506395946,14.533134700000002,Glutathione disulfide
8,139756,139.0325164794922,613.1593,18.60915833889196,14.533849475,Glutathione disulfide
7,139756,153.06583404541016,613.15906,14.337315988228585,14.533849475,Glutathione disulfide
17,140433,159.02217864990234,613.159,10.134442046590209,14.534101066666501,Glutathione disulfide
1,139756,185.037841796875,613.15906,98.36856285510969,14.533849475,Glutathione disulfide
13,139756,231.04359436035156,613.1593,22.444714908129292,14.533849475,Glutathione disulfide
